{"errorExec": {"Process": "OK"}, "Performance": {"spearman": {"spearmanr": 0.992755355416147, "pvalue": 6.02241593495666e-187}, "pearson": {"pvalue": 0.0, "pearsonr": 0.9999525444866881}, "kendalltau": {"kendalltau": 0.9687968796879686, "pvalue": 1.2163048689239224e-93}, "r_score": 0.9998785939014038, "predict_values": [0.2199999999999994, -2.1690500000000035, 10.845499999999989, -0.6700000000000008, -3.600000000000013, -0.019450000000000016, 0.010000000000000007, -1.9641999999999982, -1.9770000000000036, -1.3799999999999968, -0.14000000000000037, 0.04905000000000003, -3.529999999999983, -0.8300000000000017, 0.10455000000000016, 0.9694499999999974, -1.024950000000001, -0.6500000000000025, -0.3732999999999997, -2.050000000000007, -1.5099999999999958, -2.4495499999999915, -2.38999999999999, 0.060000000000000046, 0.0899999999999999, 3.4993500000000055, 1.009999999999998, -0.28000000000000075, -0.2599999999999997, 651.7255, 1288.5294000000001, 7.42120000000004, 785.0, 0.2199999999999994, -2.1690500000000035, 10.845499999999989, -0.6700000000000008, -3.600000000000013, -0.019450000000000016, 0.010000000000000007, -1.9641999999999982, -1.9770000000000036, -1.3799999999999968, -0.14000000000000037, 0.04905000000000003, -3.529999999999983, -0.8300000000000017, 0.10455000000000016, 0.9694499999999974, -1.024950000000001, -0.6500000000000025, -0.3732999999999997, -2.050000000000007, -1.5099999999999958, -2.4495499999999915, -2.38999999999999, 0.060000000000000046, 0.0899999999999999, 3.4993500000000055, 1.009999999999998, -0.28000000000000075, 11.330600000000036, -0.2599999999999997, 651.7255, 1288.5294000000001, 7.42120000000004, 785.0, 0.2199999999999994, -2.1690500000000035, 10.845499999999989, -0.6700000000000008, -3.600000000000013, -0.019450000000000016, 0.010000000000000007, -1.9641999999999982, -1.9770000000000036, -1.3799999999999968, -0.14000000000000037, 0.04905000000000003, -3.529999999999983, -0.8300000000000017, 0.10455000000000016, 0.9694499999999974, -1.024950000000001, -0.6500000000000025, -0.3732999999999997, -2.050000000000007, -1.5099999999999958, -2.4495499999999915, -2.38999999999999, 0.060000000000000046, 0.0899999999999999, 3.4993500000000055, 1.009999999999998, -0.28000000000000075, 11.330600000000036, -0.2599999999999997, 651.7255, 1288.5294000000001, 7.42120000000004, 785.0, 0.2199999999999994, -2.1690500000000035, 10.845499999999989, -0.6700000000000008, -3.600000000000013, -0.019450000000000016, 0.010000000000000007, -1.9641999999999982, -1.9770000000000036, -1.3799999999999968, -0.14000000000000037, 0.04905000000000003, -3.529999999999983, -0.8300000000000017, 0.10455000000000016, 0.9694499999999974, -1.024950000000001, -0.6500000000000025, -0.3732999999999997, -2.050000000000007, -1.5099999999999958, -2.4495499999999915, -2.38999999999999, 0.060000000000000046, 0.0899999999999999, 3.4993500000000055, 1.009999999999998, -0.28000000000000075, 11.330600000000036, -0.2599999999999997, 651.7255, 1288.5294000000001, 7.42120000000004, 785.0, 0.2199999999999994, -2.1690500000000035, 10.845499999999989, -0.6700000000000008, -3.600000000000013, -0.019450000000000016, 0.010000000000000007, -1.9641999999999982, -1.9770000000000036, -1.3799999999999968, -0.14000000000000037, 0.04905000000000003, -3.529999999999983, -0.8300000000000017, 0.10455000000000016, 0.9694499999999974, -1.024950000000001, -0.6500000000000025, -0.3732999999999997, -2.050000000000007, -1.5099999999999958, -2.4495499999999915, -2.38999999999999, 0.060000000000000046, 0.0899999999999999, 3.4993500000000055, 1.009999999999998, -0.28000000000000075, 11.330600000000036, -0.2599999999999997, 651.7255, 1288.5294000000001, 7.42120000000004, 785.0, 0.2199999999999994, -2.1690500000000035, 1.009999999999998, -0.28000000000000075, 11.330600000000036, 0.0899999999999999, -0.2599999999999997, 651.7255, 3.4993500000000055, 1288.5294000000001, 7.42120000000004, 785.0, 10.845499999999989, -0.6700000000000008, -3.600000000000013, -0.019450000000000016, 0.010000000000000007, -1.9641999999999982, -1.9770000000000036, -1.3799999999999968, -0.14000000000000037, 0.04905000000000003, -3.529999999999983, -0.8300000000000017, 0.10455000000000016, 0.9694499999999974, -1.024950000000001, -0.6500000000000025, -0.3732999999999997, -2.050000000000007, -1.5099999999999958, -2.4495499999999915, -2.38999999999999, 0.060000000000000046], "real_values": [0.22, -2.17, 0.45, -0.67, -3.6, -0.02, 0.01, -1.94, -1.98, -1.38, -0.14, 0.05, -3.53, -0.83, 0.1, 0.98, -1.03, -0.65, -0.37, -2.05, -1.51, -2.46, -2.39, 0.06, 0.09, 0.23, 1.01, -0.28, -0.26, 655.0, 1295.0, 0.88, 785.0, 0.22, -2.17, 0.45, -0.67, -3.6, -0.02, 0.01, -1.94, -1.98, -1.38, -0.14, 0.05, -3.53, -0.83, 0.1, 0.98, -1.03, -0.65, -0.37, -2.05, -1.51, -2.46, -2.39, 0.06, 0.09, 0.23, 1.01, -0.28, 0.94, -0.26, 655.0, 1295.0, 0.88, 785.0, 0.22, -2.17, 0.45, -0.67, -3.6, -0.02, 0.01, -1.94, -1.98, -1.38, -0.14, 0.05, -3.53, -0.83, 0.1, 0.98, -1.03, -0.65, -0.37, -2.05, -1.51, -2.46, -2.39, 0.06, 0.09, 0.23, 1.01, -0.28, 0.94, -0.26, 655.0, 1295.0, 0.88, 785.0, 0.22, -2.17, 0.45, -0.67, -3.6, -0.02, 0.01, -1.94, -1.98, -1.38, -0.14, 0.05, -3.53, -0.83, 0.1, 0.98, -1.03, -0.65, -0.37, -2.05, -1.51, -2.46, -2.39, 0.06, 0.09, 0.23, 1.01, -0.28, 0.94, -0.26, 655.0, 1295.0, 0.88, 785.0, 0.22, -2.17, 0.45, -0.67, -3.6, -0.02, 0.01, -1.94, -1.98, -1.38, -0.14, 0.05, -3.53, -0.83, 0.1, 0.98, -1.03, -0.65, -0.37, -2.05, -1.51, -2.46, -2.39, 0.06, 0.09, 0.23, 1.01, -0.28, 0.94, -0.26, 655.0, 1295.0, 0.88, 785.0, 0.22, -2.17, 1.01, -0.28, 0.94, 0.09, -0.26, 655.0, 0.23, 1295.0, 0.88, 785.0, 0.45, -0.67, -3.6, -0.02, 0.01, -1.94, -1.98, -1.38, -0.14, 0.05, -3.53, -0.83, 0.1, 0.98, -1.03, -0.65, -0.37, -2.05, -1.51, -2.46, -2.39, 0.06]}, "Params": {"n_estimators": "200", "min_samples_split": "2", "bootstrap": "True", "criterion": "mse", "min_samples_leaf": "1"}, "algorithm": "RandomForestRegressor"}