{"responseGraph": {"counter_x": ["NEUTRAL", "STABILIZING", "DESTABILIZING"], "counter_y": [223, 181, 444]}, "responseStatistics": {"WT_RSA": {"Minimum": 0.0, "Maximum": 131.9, "Mean": 39.36474056603774, "Standard deviation": 34.061678166352365}, "WT_DEPTH": {"Minimum": 3.0, "Maximum": 9.7, "Mean": 4.964268867924527, "Standard deviation": 2.089344978012009}, "MT_RSA": {"Minimum": 0.0, "Maximum": 123.8, "Mean": 44.372051886792455, "Standard deviation": 36.24019170543065}, "MT_DEPTH": {"Minimum": 3.0, "Maximum": 10.2, "Mean": 4.8961084905660375, "Standard deviation": 2.0992185085694066}, "Predicted_DDG": {"Minimum": -4.52, "Maximum": 2.18, "Mean": -0.9149056603773585, "Standard deviation": 1.2387186169000417}}, "WT_DEPTH": {}, "MT_RSA": {}, "MT_DEPTH": {}, "Predicted_DDG": {}}